source,feed,title,link,published_utc,categories,summary
archive,press (archive),Agencies issue reminder to institutions on lending when the National Flood Insurance Program is unavailable,https://www.federalreserve.gov/newsevents/pressreleases/bcreg20251001a.htm,2025-10-01T00:00:00+00:00,press,
archive,press (archive),"Federal Reserve Board modifies Morgan Stanley's stress capital buffer requirement, after the firm requested reconsideration",https://www.federalreserve.gov/newsevents/pressreleases/bcreg20250930a.htm,2025-09-30T00:00:00+00:00,press,
archive,press (archive),Federal Reserve Board issues enforcement action with former employee of Dacotah Bank,https://www.federalreserve.gov/newsevents/pressreleases/enforcement20250925a.htm,2025-09-25T00:00:00+00:00,press,
archive,press (archive),"Federal Reserve Board publishes agenda for its community bank conference, which will take place on Thursday, October 9",https://www.federalreserve.gov/newsevents/pressreleases/other20250919a.htm,2025-09-19T00:00:00+00:00,press,
archive,press (archive),Federal Reserve Board issues enforcement actions with former employee of First Horizon Bank and former employee of Manufacturers and Traders Trust Company,https://www.federalreserve.gov/newsevents/pressreleases/enforcement20250918a.htm,2025-09-18T00:00:00+00:00,press,
archive,press (archive),Home,https://www.federalreserve.gov/default.htm,2025-09-17T00:00:00+00:00,press,
fomc,FOMC (monetarypolicy pages),Press Conference,https://www.federalreserve.gov/monetarypolicy/fomcpresconf20250917.htm,2025-09-17T00:00:00+00:00,fomc,
fomc,FOMC (monetarypolicy pages),PDF,https://www.federalreserve.gov/monetarypolicy/files/fomcminutes20250917.pdf,2025-09-17T00:00:00+00:00,fomc,
fomc,FOMC (monetarypolicy pages),HTML,https://www.federalreserve.gov/monetarypolicy/fomcminutes20250917.htm,2025-09-17T00:00:00+00:00,fomc,
archive,press (archive),Stephen I. Miran sworn in as a member of the Board of Governors of the Federal Reserve System,https://www.federalreserve.gov/newsevents/pressreleases/other20250916a.htm,2025-09-16T00:00:00+00:00,press,
archive,press (archive),Agencies announce third public outreach meeting as part of their review of regulations,https://www.federalreserve.gov/newsevents/pressreleases/bcreg20250909a.htm,2025-09-09T00:00:00+00:00,press,
archive,press (archive),Federal Reserve Board announces termination of enforcement action with Sumitomo Mitsui Banking Corporation and Sumitomo Mitsui Banking Corporation New York Branch,https://www.federalreserve.gov/newsevents/pressreleases/enforcement20250909a.htm,2025-09-09T00:00:00+00:00,press,
archive,press (archive),Federal Open Market Committee announces its tentative meeting schedule for 2027,https://www.federalreserve.gov/newsevents/pressreleases/monetary20250905a.htm,2025-09-05T00:00:00+00:00,press,
archive,press (archive),Federal Reserve Board announces termination of enforcement action with Société Générale S.A. and Société Générale New York Branch,https://www.federalreserve.gov/newsevents/pressreleases/enforcement20250904a.htm,2025-09-04T00:00:00+00:00,press,
archive,press (archive),"Federal Reserve Board announces it will host a conference on payments innovation on Tuesday, October 21",https://www.federalreserve.gov/newsevents/pressreleases/other20250903a.htm,2025-09-03T00:00:00+00:00,press,
archive,press (archive),"Federal Reserve Board announces final individual capital requirements for large banks, effective on October 1",https://www.federalreserve.gov/newsevents/pressreleases/bcreg20250829a.htm,2025-08-29T00:00:00+00:00,press,
archive,press (archive),"Minutes of the Board's discount rate meetings on July 21 and July 30, 2025",https://www.federalreserve.gov/newsevents/pressreleases/monetary20250826a.htm,2025-08-26T00:00:00+00:00,press,
archive,press (archive),Federal Open Market Committee announces approval of updates to its Statement on Longer-Run Goals and Monetary Policy Strategy,https://www.federalreserve.gov/newsevents/pressreleases/monetary20250822a.htm,2025-08-22T00:00:00+00:00,press,
archive,press (archive),"Minutes of the Federal Open Market Committee, July 29â30, 2025",https://www.federalreserve.gov/newsevents/pressreleases/monetary20250820a.htm,2025-08-20T00:00:00+00:00,press,
archive,press (archive),Federal Reserve Board issues enforcement action with former employee of Regions Bank,https://www.federalreserve.gov/newsevents/pressreleases/enforcement20250819a.htm,2025-08-19T00:00:00+00:00,press,
archive,press (archive),Federal Reserve Board announces it will sunset its novel activities supervision program and return to monitoring banks' novel activities through the normal supervisory process,https://www.federalreserve.gov/newsevents/pressreleases/bcreg20250815a.htm,2025-08-15T00:00:00+00:00,press,
archive,press (archive),Federal Reserve Board issues enforcement action with former employee of First Horizon Bank,https://www.federalreserve.gov/newsevents/pressreleases/enforcement20250812a.htm,2025-08-12T00:00:00+00:00,press,
archive,press (archive),Federal Reserve Board announces that it is seeking individuals to serve on its Insurance Policy Advisory Committee,https://www.federalreserve.gov/newsevents/pressreleases/other20250807a.htm,2025-08-07T00:00:00+00:00,press,
archive,press (archive),Federal Reserve Board and FDIC release public sections of resolution plans for banking organizations,https://www.federalreserve.gov/newsevents/pressreleases/bcreg20250805a.htm,2025-08-05T00:00:00+00:00,press,
archive,press (archive),"Adriana D. Kugler submits resignation as a member of the Federal Reserve Board, effective August 8, 2025",https://www.federalreserve.gov/newsevents/pressreleases/other20250801a.htm,2025-08-01T00:00:00+00:00,press,
archive,press (archive),Federal Reserve Board joins other federal financial institution regulatory agencies in providing banks the flexibility to use an alternative method for collecting certain customer identification information,https://www.federalreserve.gov/newsevents/pressreleases/bcreg20250731a.htm,2025-07-31T00:00:00+00:00,press,
fomc,FOMC (monetarypolicy pages),Press Conference,https://www.federalreserve.gov/monetarypolicy/fomcpresconf20250730.htm,2025-07-30T00:00:00+00:00,fomc,
fomc,FOMC (monetarypolicy pages),PDF,https://www.federalreserve.gov/monetarypolicy/files/fomcminutes20250730.pdf,2025-07-30T00:00:00+00:00,fomc,
fomc,FOMC (monetarypolicy pages),HTML,https://www.federalreserve.gov/monetarypolicy/fomcminutes20250730.htm,2025-07-30T00:00:00+00:00,fomc,
archive,press (archive),Federal bank regulatory agencies seek further comment on interagency effort to reduce regulatory burden,https://www.federalreserve.gov/newsevents/pressreleases/bcreg20250721a.htm,2025-07-21T00:00:00+00:00,press,
archive,press (archive),Agencies issue joint proposal to rescind 2023 Community Reinvestment Act final rule,https://www.federalreserve.gov/newsevents/pressreleases/bcreg20250716a.htm,2025-07-16T00:00:00+00:00,press,
archive,press (archive),"Minutes of the Board's discount rate meetings on May 19, June 9, and June 18, 2025",https://www.federalreserve.gov/newsevents/pressreleases/monetary20250715a.htm,2025-07-15T00:00:00+00:00,press,
archive,press (archive),"Federal Reserve Board announces termination of enforcement action with Industry Bancshares, Inc.",https://www.federalreserve.gov/newsevents/pressreleases/enforcement20250715a.htm,2025-07-15T00:00:00+00:00,press,
archive,press (archive),Agencies issue joint statement on risk-management considerations for crypto-asset safekeeping,https://www.federalreserve.gov/newsevents/pressreleases/bcreg20250714a.htm,2025-07-14T00:00:00+00:00,press,
archive,press (archive),"Federal Reserve Board requests comment on targeted proposal to revise its supervisory rating framework for large bank holding companies to address the ""well managed"" status of these firms",https://www.federalreserve.gov/newsevents/pressreleases/bcreg20250710a.htm,2025-07-10T00:00:00+00:00,press,
archive,press (archive),"Minutes of the Federal Open Market Committee, June 17â18, 2025",https://www.federalreserve.gov/newsevents/pressreleases/monetary20250709a.htm,2025-07-09T00:00:00+00:00,press,
archive,press (archive),Federal Reserve Board issues enforcement action with former employee of Jonah Bank of Wyoming,https://www.federalreserve.gov/newsevents/pressreleases/enforcement20250703a.htm,2025-07-03T00:00:00+00:00,press,
archive,press (archive),"Federal Reserve Board's annual bank stress test showed that large banks are well positioned to weather a severe recession, while staying above minimum capital requirements and continuing to lend to households and businesses",https://www.federalreserve.gov/newsevents/pressreleases/bcreg20250627b.htm,2025-06-27T00:00:00+00:00,press,
archive,press (archive),Agencies request comment on proposal to modify certain regulatory capital standards,https://www.federalreserve.gov/newsevents/pressreleases/bcreg20250627a.htm,2025-06-27T00:00:00+00:00,press,
archive,press (archive),"Federal Reserve Board announces approval of application by Chang Hwa Commercial Bank, Ltd.",https://www.federalreserve.gov/newsevents/pressreleases/orders20250626a.htm,2025-06-26T00:00:00+00:00,press,
archive,press (archive),Federal Reserve Board publishes agenda for its conference on July 22 on large bank capital requirements,https://www.federalreserve.gov/newsevents/pressreleases/other20250626a.htm,2025-06-26T00:00:00+00:00,press,
archive,press (archive),Agencies release list of distressed or underserved nonmetropolitan middle-income geographies,https://www.federalreserve.gov/newsevents/pressreleases/bcreg20250625a.htm,2025-06-25T00:00:00+00:00,press,
archive,testimony (archive),Semiannual Monetary Policy Report to the Congress,https://www.federalreserve.gov/newsevents/testimony/powell20250624a.htm,2025-06-24T00:00:00+00:00,testimony,
archive,press (archive),Federal Reserve Board announces that reputational risk will no longer be a component of examination programs in its supervision of banks,https://www.federalreserve.gov/newsevents/pressreleases/bcreg20250623a.htm,2025-06-23T00:00:00+00:00,press,
archive,press (archive),"Federal Reserve Board issues enforcement actions against former employee of Bank of Hawaii and former employee of Ally Bank and announces termination of enforcement actions with UniCredit, S.p.A. and China Construction Bank Corporation",https://www.federalreserve.gov/newsevents/pressreleases/enforcement20250620a.htm,2025-06-20T00:00:00+00:00,press,
fomc,FOMC (monetarypolicy pages),Press Conference,https://www.federalreserve.gov/monetarypolicy/fomcpresconf20250618.htm,2025-06-18T00:00:00+00:00,fomc,
fomc,FOMC (monetarypolicy pages),PDF,https://www.federalreserve.gov/monetarypolicy/files/fomcminutes20250618.pdf,2025-06-18T00:00:00+00:00,fomc,
fomc,FOMC (monetarypolicy pages),HTML,https://www.federalreserve.gov/monetarypolicy/fomcminutes20250618.htm,2025-06-18T00:00:00+00:00,fomc,
archive,press (archive),Federal bank regulatory agencies seek comment to address payments and check fraud,https://www.federalreserve.gov/newsevents/pressreleases/bcreg20250616a.htm,2025-06-16T00:00:00+00:00,press,
archive,press (archive),"Federal Reserve Board announces that results from its annual bank stress test will be released on Friday, June 27, at 4:30 p.m. EDT",https://www.federalreserve.gov/newsevents/pressreleases/bcreg20250613a.htm,2025-06-13T00:00:00+00:00,press,
archive,press (archive),Federal Reserve Board issues enforcement action with former employee of Arvest Bank,https://www.federalreserve.gov/newsevents/pressreleases/enforcement20250612a.htm,2025-06-12T00:00:00+00:00,press,
archive,press (archive),Michelle W. Bowman sworn in as Vice Chair for Supervision of the Board of Governors of the Federal Reserve System,https://www.federalreserve.gov/newsevents/pressreleases/other20250609a.htm,2025-06-09T00:00:00+00:00,press,
archive,press (archive),Michael E. Horowitz appointed Inspector General for the Federal Reserve Board and Consumer Financial Protection Bureau,https://www.federalreserve.gov/newsevents/pressreleases/other20250606b.htm,2025-06-06T00:00:00+00:00,press,
archive,press (archive),Federal Reserve Board begins 2025 Census of Finance Companies and Other Lenders,https://www.federalreserve.gov/newsevents/pressreleases/other20250606a.htm,2025-06-06T00:00:00+00:00,press,
archive,press (archive),Federal Reserve Board announces approval of application by CACEIS Bank,https://www.federalreserve.gov/newsevents/pressreleases/orders20250605a.htm,2025-06-05T00:00:00+00:00,press,
archive,press (archive),"Federal Reserve Board announces termination of enforcement actions with Hana Bancorp, Inc. (formerly known as BNB Financial Services Corporation) and Coöperatieve Centrale Raiffeisen-Boerenleenbank B.A.",https://www.federalreserve.gov/newsevents/pressreleases/enforcement20250605a.htm,2025-06-05T00:00:00+00:00,press,
archive,press (archive),Federal Reserve announces Wells Fargo is no longer subject to the asset growth restriction from the Boardâs 2018 enforcement action against the bank,https://www.federalreserve.gov/newsevents/pressreleases/enforcement20250603a.htm,2025-06-03T00:00:00+00:00,press,
archive,press (archive),"Minutes of the Board's discount rate meetings on April 7, April 28, and May 7, 2025",https://www.federalreserve.gov/newsevents/pressreleases/monetary20250603a.htm,2025-06-03T00:00:00+00:00,press,
archive,press (archive),Federal Reserve Board announces approval of application by Crown Agents Bank Limited,https://www.federalreserve.gov/newsevents/pressreleases/orders20250602a.htm,2025-06-02T00:00:00+00:00,press,
archive,press (archive),Federal Reserve Board releases results of survey of senior financial officers at banks about their strategies and practices for managing reserve balances,https://www.federalreserve.gov/newsevents/pressreleases/other20250530a.htm,2025-05-30T00:00:00+00:00,press,
archive,press (archive),Statement on Chair Powell's meeting with the President,https://www.federalreserve.gov/newsevents/pressreleases/other20250529a.htm,2025-05-29T00:00:00+00:00,press,
archive,press (archive),"Minutes of the Federal Open Market Committee, May 6â7, 2025",https://www.federalreserve.gov/newsevents/pressreleases/monetary20250528a.htm,2025-05-28T00:00:00+00:00,press,
archive,press (archive),Federal Reserve Board issues Economic Well-Being of U.S. Households in 2024 report,https://www.federalreserve.gov/newsevents/pressreleases/other20250528a.htm,2025-05-28T00:00:00+00:00,press,
archive,press (archive),Federal Reserve Board announces termination of enforcement action with Perry County Bancorp Inc. and Du Quoin State Bank,https://www.federalreserve.gov/newsevents/pressreleases/enforcement20250513a.htm,2025-05-13T00:00:00+00:00,press,
archive,press (archive),Agencies issue host state loan-to-deposit ratios,https://www.federalreserve.gov/newsevents/pressreleases/bcreg20250512a.htm,2025-05-12T00:00:00+00:00,press,
fomc,FOMC (monetarypolicy pages),Press Conference,https://www.federalreserve.gov/monetarypolicy/fomcpresconf20250507.htm,2025-05-07T00:00:00+00:00,fomc,
fomc,FOMC (monetarypolicy pages),PDF,https://www.federalreserve.gov/monetarypolicy/files/fomcminutes20250507.pdf,2025-05-07T00:00:00+00:00,fomc,
fomc,FOMC (monetarypolicy pages),HTML,https://www.federalreserve.gov/monetarypolicy/fomcminutes20250507.htm,2025-05-07T00:00:00+00:00,fomc,
archive,press (archive),Federal Reserve Board announces the withdrawal of guidance for banks related to their crypto-asset and dollar token activities and related changes to its expectations for these activities,https://www.federalreserve.gov/newsevents/pressreleases/bcreg20250424a.htm,2025-04-24T00:00:00+00:00,press,
archive,press (archive),Federal Reserve Board announces approval of application by Capital One Financial Corporation to merge with Discover Financial Services and issues a consent order with Discover,https://www.federalreserve.gov/newsevents/pressreleases/orders20250418a.htm,2025-04-18T00:00:00+00:00,press,
archive,press (archive),Federal Reserve Board requests comment on a proposal to reduce the volatility of the capital requirements stemming from the Board's annual stress test results,https://www.federalreserve.gov/newsevents/pressreleases/bcreg20250417a.htm,2025-04-17T00:00:00+00:00,press,
archive,press (archive),"Federal Reserve Board announces approval of application by United Community Banks, Inc.",https://www.federalreserve.gov/newsevents/pressreleases/orders20250416a.htm,2025-04-16T00:00:00+00:00,press,
archive,press (archive),"Minutes of the Board's discount rate meetings on February 18, March 10, and March 19, 2025",https://www.federalreserve.gov/newsevents/pressreleases/monetary20250415a.htm,2025-04-15T00:00:00+00:00,press,
archive,press (archive),Agencies take action on appraisal requirements in an area affected by California wildfires and straight-line winds,https://www.federalreserve.gov/newsevents/pressreleases/bcreg20250415a.htm,2025-04-15T00:00:00+00:00,press,
archive,testimony (archive),Nomination hearing,https://www.federalreserve.gov/newsevents/testimony/bowman20250410a.htm,2025-04-10T00:00:00+00:00,testimony,
archive,press (archive),"Minutes of the Federal Open Market Committee, March 18â19, 2025",https://www.federalreserve.gov/newsevents/pressreleases/monetary20250409a.htm,2025-04-09T00:00:00+00:00,press,
archive,press (archive),Federal Reserve Board announces termination of enforcement action with former employee of The Marathon Bank,https://www.federalreserve.gov/newsevents/pressreleases/enforcement20250408a.htm,2025-04-08T00:00:00+00:00,press,
archive,press (archive),"Federal Reserve Board issues enforcement action with former employee of Banco Popular de Puerto Rico and announces termination of enforcement action with Allegiant United Holdings, LLC, Nano Financial Holdings, Inc., and Nano Banc",https://www.federalreserve.gov/newsevents/pressreleases/enforcement20250401a.htm,2025-04-01T00:00:00+00:00,press,
archive,press (archive),Agencies announce intent to rescind 2023 Community Reinvestment Act final rule,https://www.federalreserve.gov/newsevents/pressreleases/bcreg20250328a.htm,2025-03-28T00:00:00+00:00,press,
archive,press (archive),Federal Reserve Board announces approval of application by Commonwealth Business Bank,https://www.federalreserve.gov/newsevents/pressreleases/orders20250321a.htm,2025-03-21T00:00:00+00:00,press,
archive,press (archive),Federal Reserve Board releases annual audited financial statements,https://www.federalreserve.gov/newsevents/pressreleases/other20250321a.htm,2025-03-21T00:00:00+00:00,press,
archive,press (archive),"Federal Reserve Board issues enforcement actions with Frankewing Bancshares, Inc. and Bank of Hawaii",https://www.federalreserve.gov/newsevents/pressreleases/enforcement20250320a.htm,2025-03-20T00:00:00+00:00,press,
fomc,FOMC (monetarypolicy pages),Press Conference,https://www.federalreserve.gov/monetarypolicy/fomcpresconf20250319.htm,2025-03-19T00:00:00+00:00,fomc,
fomc,FOMC (monetarypolicy pages),PDF,https://www.federalreserve.gov/monetarypolicy/files/fomcminutes20250319.pdf,2025-03-19T00:00:00+00:00,fomc,
fomc,FOMC (monetarypolicy pages),HTML,https://www.federalreserve.gov/monetarypolicy/fomcminutes20250319.htm,2025-03-19T00:00:00+00:00,fomc,
archive,press (archive),Statement by Governor Bowman,https://www.federalreserve.gov/newsevents/pressreleases/other20250317a.htm,2025-03-17T00:00:00+00:00,press,
archive,press (archive),Federal Reserve Board announces approval of proposal by EverBank Financial Corp,https://www.federalreserve.gov/newsevents/pressreleases/orders20250314b.htm,2025-03-14T00:00:00+00:00,press,
archive,press (archive),Federal Reserve Board announces approval of application by Renasant Corporation,https://www.federalreserve.gov/newsevents/pressreleases/orders20250314a.htm,2025-03-14T00:00:00+00:00,press,
archive,press (archive),Federal Reserve Board announces termination of enforcement action with Lake Shore MHC and Lake Shore Bancorp Inc.,https://www.federalreserve.gov/newsevents/pressreleases/enforcement20250313a.htm,2025-03-13T00:00:00+00:00,press,
archive,press (archive),Agencies issue 2024 Shared National Credit Program report,https://www.federalreserve.gov/newsevents/pressreleases/bcreg20250310a.htm,2025-03-10T00:00:00+00:00,press,
archive,press (archive),Federal Reserve Board begins 2025 Survey of Consumer Finances,https://www.federalreserve.gov/newsevents/pressreleases/other20250228a.htm,2025-02-28T00:00:00+00:00,press,
archive,press (archive),"Minutes of the Board's discount rate meetings on January 21 and 29, 2025",https://www.federalreserve.gov/newsevents/pressreleases/monetary20250225a.htm,2025-02-25T00:00:00+00:00,press,
archive,press (archive),"Minutes of the Federal Open Market Committee, January 28-29, 2025",https://www.federalreserve.gov/newsevents/pressreleases/monetary20250219a.htm,2025-02-19T00:00:00+00:00,press,
fomc,FOMC (monetarypolicy pages),Transcripts and other historical materials,https://www.federalreserve.gov/monetarypolicy/fomc_historical.htm,2025-02-19T00:00:00+00:00,fomc,
archive,press (archive),"Federal Reserve Board announces approval of proposal by ChoiceOne Financial Services, Inc.",https://www.federalreserve.gov/newsevents/pressreleases/orders20250212a.htm,2025-02-12T00:00:00+00:00,press,
archive,press (archive),"Federal Reserve Board announces approval of application by CSBH, LLC",https://www.federalreserve.gov/newsevents/pressreleases/orders20250212b.htm,2025-02-12T00:00:00+00:00,press,
archive,press (archive),"Federal Reserve Board announces approval of application by WesBanco, Inc.",https://www.federalreserve.gov/newsevents/pressreleases/orders20250212c.htm,2025-02-12T00:00:00+00:00,press,
archive,testimony (archive),Semiannual Monetary Policy Report to the Congress,https://www.federalreserve.gov/newsevents/testimony/powell20250211a.htm,2025-02-11T00:00:00+00:00,testimony,
archive,press (archive),Federal Reserve Board releases the hypothetical scenarios for its annual stress test,https://www.federalreserve.gov/newsevents/pressreleases/bcreg20250205a.htm,2025-02-05T00:00:00+00:00,press,
archive,press (archive),Federal Reserve Board announces termination of two enforcement actions with Wells Fargo,https://www.federalreserve.gov/newsevents/pressreleases/enforcement20250204a.htm,2025-02-04T00:00:00+00:00,press,
archive,press (archive),Agencies announce second public outreach meeting as part of their review of regulations,https://www.federalreserve.gov/newsevents/pressreleases/bcreg20250131a.htm,2025-01-31T00:00:00+00:00,press,
fomc,FOMC (monetarypolicy pages),Press Conference,https://www.federalreserve.gov/monetarypolicy/fomcpresconf20250129.htm,2025-01-29T00:00:00+00:00,fomc,
fomc,FOMC (monetarypolicy pages),PDF,https://www.federalreserve.gov/monetarypolicy/files/fomcminutes20250129.pdf,2025-01-29T00:00:00+00:00,fomc,
fomc,FOMC (monetarypolicy pages),HTML,https://www.federalreserve.gov/monetarypolicy/fomcminutes20250129.htm,2025-01-29T00:00:00+00:00,fomc,
archive,press (archive),Federal Reserve Board announces termination of enforcement action with Marblehead Bancorp and Marblehead Bank,https://www.federalreserve.gov/newsevents/pressreleases/enforcement20250123a.htm,2025-01-23T00:00:00+00:00,press,
archive,press (archive),Federal Reserve Board announces it has withdrawn from the Network of Central Banks and Supervisors for Greening the Financial System (NGFS),https://www.federalreserve.gov/newsevents/pressreleases/bcreg20250117a.htm,2025-01-17T00:00:00+00:00,press,
archive,press (archive),Federal Reserve Board announces approval of proposal by First Busey Corporation,https://www.federalreserve.gov/newsevents/pressreleases/orders20250116a.htm,2025-01-16T00:00:00+00:00,press,
archive,press (archive),"Minutes of the Board's discount rate meetings on November 18, December 9, and December 18, 2024",https://www.federalreserve.gov/newsevents/pressreleases/monetary20250114a.htm,2025-01-14T00:00:00+00:00,press,
archive,press (archive),Federal and state financial regulatory agencies issue interagency statement on supervisory practices regarding financial institutions affected by the California wildfires and straight-line winds,https://www.federalreserve.gov/newsevents/pressreleases/other20250114a.htm,2025-01-14T00:00:00+00:00,press,
archive,press (archive),Federal Reserve Board announces the designation of the Chairs and Deputy Chairs of the 12 Federal Reserve Banks for 2025,https://www.federalreserve.gov/newsevents/pressreleases/other20250113a.htm,2025-01-13T00:00:00+00:00,press,
archive,press (archive),Federal Reserve Board announces approval of application by UMB Financial Corporation,https://www.federalreserve.gov/newsevents/pressreleases/orders20250110a.htm,2025-01-10T00:00:00+00:00,press,
archive,press (archive),"Minutes of the Federal Open Market Committee, December 17-18, 2024",https://www.federalreserve.gov/newsevents/pressreleases/monetary20250108a.htm,2025-01-08T00:00:00+00:00,press,
archive,press (archive),"Federal Reserve Board announces Michael S. Barr will step down from his position as Federal Reserve Board Vice Chair for Supervision, effective February 28, 2025, and will continue to serve as governor",https://www.federalreserve.gov/newsevents/pressreleases/other20250106a.htm,2025-01-06T00:00:00+00:00,press,
archive,press (archive),"Due to evolving legal landscape & changes in the framework of administrative law, Federal Reserve Board will soon seek public comment on significant changes to improve transparency of bank stress tests & reduce volatility of resulting capital requirements",https://www.federalreserve.gov/newsevents/pressreleases/bcreg20241223a.htm,2024-12-23T00:00:00+00:00,press,
archive,press (archive),Agencies release annual asset-size thresholds under Community Reinvestment Act regulations,https://www.federalreserve.gov/newsevents/pressreleases/bcreg20241219a.htm,2024-12-19T00:00:00+00:00,press,
archive,press (archive),"Federal Reserve Board announces appointment of seven members, including three new members, to its Insurance Policy Advisory Committee (IPAC)",https://www.federalreserve.gov/newsevents/pressreleases/other20241219a.htm,2024-12-19T00:00:00+00:00,press,
archive,press (archive),Federal Reserve Board issues enforcement action againstÂ Lineage Financial Network and announces termination of enforcement actions with National Bank of Pakistan and National Bank of Pakistan New York Branch,https://www.federalreserve.gov/newsevents/pressreleases/enforcement20241219a.htm,2024-12-19T00:00:00+00:00,press,
fomc,FOMC (monetarypolicy pages),Press Conference,https://www.federalreserve.gov/monetarypolicy/fomcpresconf20241218.htm,2024-12-18T00:00:00+00:00,fomc,
fomc,FOMC (monetarypolicy pages),PDF,https://www.federalreserve.gov/monetarypolicy/files/fomcminutes20241218.pdf,2024-12-18T00:00:00+00:00,fomc,
fomc,FOMC (monetarypolicy pages),HTML,https://www.federalreserve.gov/monetarypolicy/fomcminutes20241218.htm,2024-12-18T00:00:00+00:00,fomc,
archive,press (archive),Federal Reserve Board announces approval of application by SouthState Corporation,https://www.federalreserve.gov/newsevents/pressreleases/orders20241213a.htm,2024-12-13T00:00:00+00:00,press,
archive,press (archive),Federal Reserve Board announces approval of application by The Bank of Nova Scotia,https://www.federalreserve.gov/newsevents/pressreleases/orders20241212a.htm,2024-12-12T00:00:00+00:00,press,
archive,press (archive),Federal Reserve Board provides technical clarification that its account access guidelines apply to excess balance accounts,https://www.federalreserve.gov/newsevents/pressreleases/bcreg20241209a.htm,2024-12-09T00:00:00+00:00,press,
archive,press (archive),Federal Reserve Board releases results of survey of senior financial officers at banks about their strategies and practices for managing reserve balances,https://www.federalreserve.gov/newsevents/pressreleases/other20241206a.htm,2024-12-06T00:00:00+00:00,press,
archive,press (archive),Agencies issue statement on elder financial exploitation,https://www.federalreserve.gov/newsevents/pressreleases/bcreg20241204a.htm,2024-12-04T00:00:00+00:00,press,
archive,press (archive),Federal bank regulatory agencies seek further comment on interagency effort to reduce regulatory burden,https://www.federalreserve.gov/newsevents/pressreleases/bcreg20241203a.htm,2024-12-03T00:00:00+00:00,press,
archive,press (archive),"Minutes of the Board's discount rate meetings on October 7, October 28, and November 7, 2024",https://www.federalreserve.gov/newsevents/pressreleases/monetary20241203a.htm,2024-12-03T00:00:00+00:00,press,
archive,press (archive),Federal Reserve Board issues enforcement action with First of Murphysboro Corp.,https://www.federalreserve.gov/newsevents/pressreleases/enforcement20241203a.htm,2024-12-03T00:00:00+00:00,press,
archive,press (archive),"Federal Reserve Board announces approval of application by United Bankshares, Inc.",https://www.federalreserve.gov/newsevents/pressreleases/orders20241129a.htm,2024-11-29T00:00:00+00:00,press,
archive,press (archive),"Minutes of the Federal Open Market Committee, November 6-7, 2024",https://www.federalreserve.gov/newsevents/pressreleases/monetary20241126a.htm,2024-11-26T00:00:00+00:00,press,
archive,press (archive),Federal Reserve announces College Fed Challenge winners,https://www.federalreserve.gov/newsevents/pressreleases/other20241122b.htm,2024-11-22T00:00:00+00:00,press,
archive,press (archive),"Federal Reserve announces additional information about the periodic review of its monetary policy strategy, tools, and communications",https://www.federalreserve.gov/newsevents/pressreleases/monetary20241122a.htm,2024-11-22T00:00:00+00:00,press,
archive,press (archive),"Federal Reserve Board announces pricing, effective January 1, 2025, for payment services the Federal Reserve Banks provide to banks and credit unions",https://www.federalreserve.gov/newsevents/pressreleases/other20241122a.htm,2024-11-22T00:00:00+00:00,press,
archive,press (archive),Federal Reserve Board issues enforcement action with former chief executive officer of Heartland Tri-State Bank,https://www.federalreserve.gov/newsevents/pressreleases/enforcement20241121a.htm,2024-11-21T00:00:00+00:00,press,
archive,testimony (archive),Supervision and Regulation,https://www.federalreserve.gov/newsevents/testimony/barr20241120a.htm,2024-11-20T00:00:00+00:00,testimony,
archive,press (archive),"Federal Reserve Board issues enforcement actions with Small Business Bank and Industry Bancshares, Inc.",https://www.federalreserve.gov/newsevents/pressreleases/enforcement20241119a.htm,2024-11-19T00:00:00+00:00,press,
archive,press (archive),"Federal Reserve Board invites comment on a report, as prescribed by law, that discusses the impact of a proposed international capital standard",https://www.federalreserve.gov/newsevents/pressreleases/bcreg20241113a.htm,2024-11-13T00:00:00+00:00,press,
archive,press (archive),"Federal Reserve Board issues enforcement actions with former institution-affiliated parties of Nano Financial Holdings, Inc. and Nano Banc",https://www.federalreserve.gov/newsevents/pressreleases/enforcement20241112a.htm,2024-11-12T00:00:00+00:00,press,
fomc,FOMC (monetarypolicy pages),Press Conference,https://www.federalreserve.gov/monetarypolicy/fomcpresconf20241107.htm,2024-11-07T00:00:00+00:00,fomc,
fomc,FOMC (monetarypolicy pages),PDF,https://www.federalreserve.gov/monetarypolicy/files/fomcminutes20241107.pdf,2024-11-07T00:00:00+00:00,fomc,
fomc,FOMC (monetarypolicy pages),HTML,https://www.federalreserve.gov/monetarypolicy/fomcminutes20241107.htm,2024-11-07T00:00:00+00:00,fomc,
archive,press (archive),Federal Reserve Board issues enforcement action with U & I Financial Corp. and UniBank,https://www.federalreserve.gov/newsevents/pressreleases/enforcement20241024a.htm,2024-10-24T00:00:00+00:00,press,
archive,press (archive),Federal and state financial regulatory agencies issue interagency statement on supervisory practices regarding financial institutions affected by Hurricane Milton,https://www.federalreserve.gov/newsevents/pressreleases/other20241015a.htm,2024-10-15T00:00:00+00:00,press,
archive,press (archive),"Minutes of the Board's discount rate meetings on September 9 and 18, 2024",https://www.federalreserve.gov/newsevents/pressreleases/monetary20241015a.htm,2024-10-15T00:00:00+00:00,press,
archive,press (archive),Federal Reserve Board fines Toronto-Dominion Bank $123.5 million for violations related to anti-money laundering laws,https://www.federalreserve.gov/newsevents/pressreleases/enforcement20241010a.htm,2024-10-10T00:00:00+00:00,press,
archive,press (archive),"Minutes of the Federal Open Market Committee, September 17-18, 2024",https://www.federalreserve.gov/newsevents/pressreleases/monetary20241009a.htm,2024-10-09T00:00:00+00:00,press,
archive,press (archive),Agencies announce dollar thresholds for applicability of truth in lending and consumer leasing rules for consumer credit and lease transactions,https://www.federalreserve.gov/newsevents/pressreleases/bcreg20241004b.htm,2024-10-04T00:00:00+00:00,press,
archive,press (archive),Agencies announce dollar thresholds for smaller loan exemption from appraisal requirements for higher-priced mortgage loans,https://www.federalreserve.gov/newsevents/pressreleases/bcreg20241004a.htm,2024-10-04T00:00:00+00:00,press,
archive,press (archive),Federal Reserve Board issues enforcement actions with Opportunity Bank of Montana and former employee of Bank of Jackson Hole,https://www.federalreserve.gov/newsevents/pressreleases/enforcement20241003a.htm,2024-10-03T00:00:00+00:00,press,
archive,press (archive),Federal and state financial regulatory agencies issue interagency statement on supervisory practices regarding financial institutions affected by Hurricane Helene,https://www.federalreserve.gov/newsevents/pressreleases/other20241002a.htm,2024-10-02T00:00:00+00:00,press,
archive,press (archive),Federal Reserve Board announces termination of enforcement action with Citigroup Inc.,https://www.federalreserve.gov/newsevents/pressreleases/enforcement20241001a.htm,2024-10-01T00:00:00+00:00,press,
archive,press (archive),"Federal Reserve Board announces it will host the 2nd Thomas Laubach Research Conference on May 15-16, 2025",https://www.federalreserve.gov/newsevents/pressreleases/other20240920a.htm,2024-09-20T00:00:00+00:00,press,
archive,press (archive),"Federal Reserve Board announces termination of enforcement action with Community Bankshares, Inc.",https://www.federalreserve.gov/newsevents/pressreleases/enforcement20240919a.htm,2024-09-19T00:00:00+00:00,press,
fomc,FOMC (monetarypolicy pages),Press Conference,https://www.federalreserve.gov/monetarypolicy/fomcpresconf20240918.htm,2024-09-18T00:00:00+00:00,fomc,
fomc,FOMC (monetarypolicy pages),PDF,https://www.federalreserve.gov/monetarypolicy/files/fomcminutes20240918.pdf,2024-09-18T00:00:00+00:00,fomc,
fomc,FOMC (monetarypolicy pages),HTML,https://www.federalreserve.gov/monetarypolicy/fomcminutes20240918.htm,2024-09-18T00:00:00+00:00,fomc,
archive,press (archive),Agencies extend comment period on request for information on bank-fintech arrangements,https://www.federalreserve.gov/newsevents/pressreleases/bcreg20240913a.htm,2024-09-13T00:00:00+00:00,press,
archive,press (archive),"Federal Reserve Board issues enforcement action with Fieldpoint Private Holdings, Inc. and Fieldpoint Private Bank and Trust",https://www.federalreserve.gov/newsevents/pressreleases/enforcement20240911a.htm,2024-09-11T00:00:00+00:00,press,
archive,press (archive),Federal Reserve Board requests comment around operational practices of the discount window,https://www.federalreserve.gov/newsevents/pressreleases/bcreg20240905a.htm,2024-09-05T00:00:00+00:00,press,
archive,press (archive),Federal Reserve Board issues enforcement actions with First Interstate Bank and United Texas Bank,https://www.federalreserve.gov/newsevents/pressreleases/enforcement20240904a.htm,2024-09-04T00:00:00+00:00,press,
archive,press (archive),"Federal Reserve Board announces final individual capital requirements for all large banks, effective on October 1",https://www.federalreserve.gov/newsevents/pressreleases/bcreg20240828a.htm,2024-08-28T00:00:00+00:00,press,
archive,press (archive),"Minutes of the Board's discount rate meetings on July 22 and July 31, 2024",https://www.federalreserve.gov/newsevents/pressreleases/monetary20240827a.htm,2024-08-27T00:00:00+00:00,press,
archive,press (archive),Federal Reserve Board announces approval of application by OakNorth Bank plc,https://www.federalreserve.gov/newsevents/pressreleases/orders20240826a.htm,2024-08-26T00:00:00+00:00,press,
archive,press (archive),"Minutes of the Federal Open Market Committee, July 30â31, 2024",https://www.federalreserve.gov/newsevents/pressreleases/monetary20240821a.htm,2024-08-21T00:00:00+00:00,press,
archive,press (archive),"Federal Reserve Board issues enforcement actions with Heritage Bancshares Group Inc. Employee Stock Ownership Plan and Trust and Heritage Bancshares Group, Inc., and SNB Bancshares, Inc. and Bank of Eufaula",https://www.federalreserve.gov/newsevents/pressreleases/enforcement20240815a.htm,2024-08-15T00:00:00+00:00,press,
archive,press (archive),Federal Open Market Committee announces its tentative meeting schedule for 2025 and 2026,https://www.federalreserve.gov/newsevents/pressreleases/monetary20240809a.htm,2024-08-09T00:00:00+00:00,press,
archive,press (archive),"Federal Reserve Board issues enforcement action with Customers Bancorp, Inc. and Customers Bank",https://www.federalreserve.gov/newsevents/pressreleases/enforcement20240808a.htm,2024-08-08T00:00:00+00:00,press,
archive,press (archive),Federal Reserve Board issues final joint guidance to help certain large banks further develop their resolution plans,https://www.federalreserve.gov/newsevents/pressreleases/bcreg20240805a.htm,2024-08-05T00:00:00+00:00,press,
archive,press (archive),Federal Reserve Board announces that it is seeking individuals to serve on its Insurance Policy Advisory Committee,https://www.federalreserve.gov/newsevents/pressreleases/other20240805a.htm,2024-08-05T00:00:00+00:00,press,
archive,press (archive),Federal Reserve Board requests comment on a proposed rule that would establish data standards for certain information collections,https://www.federalreserve.gov/newsevents/pressreleases/bcreg20240802a.htm,2024-08-02T00:00:00+00:00,press,
archive,press (archive),Federal Reserve Board announces approval of application by Bank7,https://www.federalreserve.gov/newsevents/pressreleases/orders20240801a.htm,2024-08-01T00:00:00+00:00,press,
fomc,FOMC (monetarypolicy pages),Press Conference,https://www.federalreserve.gov/monetarypolicy/fomcpresconf20240731.htm,2024-07-31T00:00:00+00:00,fomc,
fomc,FOMC (monetarypolicy pages),PDF,https://www.federalreserve.gov/monetarypolicy/files/fomcminutes20240731.pdf,2024-07-31T00:00:00+00:00,fomc,
fomc,FOMC (monetarypolicy pages),HTML,https://www.federalreserve.gov/monetarypolicy/fomcminutes20240731.htm,2024-07-31T00:00:00+00:00,fomc,
archive,press (archive),"Federal Reserve Board announces approval of application by A.N.B. Holding Company, Ltd.",https://www.federalreserve.gov/newsevents/pressreleases/orders20240729a.htm,2024-07-29T00:00:00+00:00,press,
archive,press (archive),"Federal Reserve Board announces termination of enforcement action with Silvergate Bank and its holding company, Silvergate Capital Corporation",https://www.federalreserve.gov/newsevents/pressreleases/enforcement20240726a.htm,2024-07-26T00:00:00+00:00,press,
archive,press (archive),Agencies remind banks of potential risks associated with third-party deposit arrangements and request additional information on bank-fintech arrangements,https://www.federalreserve.gov/newsevents/pressreleases/bcreg20240725c.htm,2024-07-25T00:00:00+00:00,press,
archive,press (archive),Agencies announce public outreach meeting as part of their review of regulations,https://www.federalreserve.gov/newsevents/pressreleases/bcreg20240725b.htm,2024-07-25T00:00:00+00:00,press,
archive,press (archive),Federal bank regulatory agencies seek comment  on interagency effort to reduce regulatory burden,https://www.federalreserve.gov/newsevents/pressreleases/bcreg20240725a.htm,2024-07-25T00:00:00+00:00,press,
archive,press (archive),Federal Reserve Board issues enforcement action with North Shore Bank of Commerce,https://www.federalreserve.gov/newsevents/pressreleases/enforcement20240723a.htm,2024-07-23T00:00:00+00:00,press,
archive,press (archive),"Federal Reserve Board announces approval of application by Resona Bank, Limited",https://www.federalreserve.gov/newsevents/pressreleases/orders20240722a.htm,2024-07-22T00:00:00+00:00,press,
archive,press (archive),Agencies request comment on anti-money laundering/countering the financing of terrorism proposed rule,https://www.federalreserve.gov/newsevents/pressreleases/bcreg20240719a.htm,2024-07-19T00:00:00+00:00,press,
archive,press (archive),"Federal Reserve Board issues enforcement action with Jiko Group, Inc.",https://www.federalreserve.gov/newsevents/pressreleases/enforcement20240719a.htm,2024-07-19T00:00:00+00:00,press,
archive,press (archive),"Federal Reserve Board takes action to address consumer compliance breakdowns by Green Dot, fining the firm $44 million for numerous unfair and deceptive practices and a deficient consumer compliance risk management program",https://www.federalreserve.gov/newsevents/pressreleases/enforcement20240719b.htm,2024-07-19T00:00:00+00:00,press,
archive,press (archive),Agencies finalize interagency guidance on reconsiderations of value for residential real estate valuations,https://www.federalreserve.gov/newsevents/pressreleases/bcreg20240718a.htm,2024-07-18T00:00:00+00:00,press,
archive,press (archive),Agencies issue final rule to help ensure credibility and integrity of automated valuation models,https://www.federalreserve.gov/newsevents/pressreleases/bcreg20240717a.htm,2024-07-17T00:00:00+00:00,press,
archive,press (archive),Agencies release list of distressed or underserved nonmetropolitan middle-income geographies,https://www.federalreserve.gov/newsevents/pressreleases/bcreg20240712a.htm,2024-07-12T00:00:00+00:00,press,
archive,press (archive),Federal Reserve Board fines Citigroup $60.6 million for violating the Boardâs 2020 enforcement action,https://www.federalreserve.gov/newsevents/pressreleases/enforcement20240710a.htm,2024-07-10T00:00:00+00:00,press,
archive,press (archive),"Minutes of the Board's discount rate meetings on June 3 and June 12, 2024",https://www.federalreserve.gov/newsevents/pressreleases/monetary20240709a.htm,2024-07-09T00:00:00+00:00,press,
archive,testimony (archive),Semiannual Monetary Policy Report to the Congress,https://www.federalreserve.gov/newsevents/testimony/powell20240709a.htm,2024-07-09T00:00:00+00:00,testimony,
archive,press (archive),"Minutes of the Federal Open Market Committee, June 11â12, 2024",https://www.federalreserve.gov/newsevents/pressreleases/monetary20240703a.htm,2024-07-03T00:00:00+00:00,press,
archive,press (archive),Federal Reserve Board fines Silvergate Capital Corporation and Silvergate Bank $43 million for deficiencies in Silvergateâs monitoring of transactions in compliance with anti-money laundering law,https://www.federalreserve.gov/newsevents/pressreleases/enforcement20240701a.htm,2024-07-01T00:00:00+00:00,press,
